"","NPPacw_MgC_ha_yr","NPPacw_MgC_ha_yr_se"
"1",5.66457084839829,0.00356054502650256
